<?xml version="1.0" encoding="utf-8"?>
<!--http://portal.chmi.cz/files/portal/docs/uoco/isko/tab_roc/2010_enh/cze/pollution_wrose/wrose_AREPA_CZ.html-->
<vetrna_ruzice xmlns:xsi="http://www.w3.org/2001/XMLSchema-instance" 
 xsi:noNamespaceSchemaLocation="vetrna_ruzice.xsd">

  <trida_stability id="1">
    <bezvetri value="0.0" />
    <rychlost value="1.7">
      <cetnosti s="0.22" sv="0.19" v="0.19" jv="0.37" j="0.26" jz="0.22" z="0.11" sz="0.16" />
    </rychlost>
    <rychlost value="5">
      <cetnosti s="0" sv="0" v="0" jv="0" j="0" jz="0" z="0" sz="0" />
    </rychlost>
    <rychlost value="11">
      <cetnosti s="0" sv="0" v="0" jv="0" j="0" jz="0" z="0" sz="0" />
    </rychlost>
  </trida_stability>
    
  <trida_stability id="2">
    <bezvetri value="0.0" />
    <rychlost value="1.7">
     <cetnosti s="0.58" sv="0.58" v="0.50" jv="0.81" j="0.81" jz="0.66" z="0.24" sz="0.31" />
    </rychlost>
    <rychlost value="5">
      <cetnosti s="0.11" sv="0.21" v="0.22" jv="0.26" j="0.31" jz="0.27" z="0.12" sz="0.24" />
    </rychlost>
    <rychlost value="11">
      <cetnosti s="0" sv="0" v="0" jv="0" j="0" jz="0" z="0" sz="0" />
    </rychlost>
  </trida_stability>
  
  <trida_stability id="3">
    <bezvetri value="0.0" />
    <rychlost value="1.7">
      <cetnosti s="0.70" sv="0.62" v="0.45" jv="0.68" j="0.78" jz="0.79" z="0.30" sz="0.47" />
    </rychlost>
    <rychlost value="5">
      <cetnosti s="2.75" sv="3.57" v="2.80" jv="1.37" j="3.50" jz="5.91" z="2.53" sz="2.05" />
    </rychlost>
    <rychlost value="11">
      <cetnosti s="0.00" sv="0.00" v="0.00" jv="0.00" j="0.01" jz="0.02" z="0.01" sz="0.01" />
    </rychlost>
  </trida_stability>
  
  <trida_stability id="4">
    <bezvetri value="0.0" />
    <rychlost value="1.7">
      <cetnosti s="0.33" sv="0.22" v="0.25" jv="0.39" j="0.28" jz="0.32" z="0.17" sz="0.44" />
    </rychlost>
    <rychlost value="5">
      <cetnosti s="2.59" sv="1.99" v="2.36" jv="1.69" j="4.28" jz="8.27" z="3.72" sz="3.71" />
    </rychlost>
    <rychlost value="11">
      <cetnosti s="0.00" sv="0.00" v="0.00" jv="0.05" j="0.13" jz="0.30" z="0.04" sz="0.08" />
    </rychlost>
  </trida_stability>
  
  <trida_stability id="5">
    <bezvetri value="0.0" />
    <rychlost value="1.7">
      <cetnosti s="0.30" sv="0.21" v="0.25" jv="0.29" j="0.19" jz="0.25" z="0.18" sz="0.49" />
    </rychlost>
    <rychlost value="5">
      <cetnosti s="0.51" sv="0.15" v="0.49" jv="2.74" j="2.84" jz="0.62" z="0.23" sz="4.05" />
    </rychlost>
    <rychlost value="11">
      <cetnosti s="0" sv="0" v="0" jv="0" j="0" jz="0" z="0" sz="0" />
    </rychlost>
  </trida_stability>
  
</vetrna_ruzice>

